card_id,party,kind,member_rank,subject_en,subject_he,rarity,exact_original_text,english_translation,speaker_or_document,date_or_version,source_url,context,editorial_role,status
LIK-S-01,LIK,symbol,,Likud ballot symbol,סמל הליכוד,Common,מחל,,Central Elections Committee,research-needed,research-needed,research-needed,orientation,research-needed
LIK-P-01,LIK,manifesto,,Manifest excerpt 1,,Common,"שמירת זכותו של העם היהודי על ארץ ישראל, כזכות נצחית שאינה ניתנת לערעור, התמדה ביישובם ובפיתוחם של כל חלקי ארץ-ישראל והחלת ריבונות המדינה עליהם.","Safeguarding the Jewish people's right to the Land of Israel as an eternal right that cannot be challenged; persisting in the settlement and development of every part of the Land of Israel; and applying state sovereignty over them.",Likud Constitution,2015-07-01,https://www.likud.org.il/על-הליכוד/חוקת-הליכוד,"Chapter B §1(b); no newer 2026 platform located",critical,verified-document
LIK-P-02,LIK,manifesto,,Manifest excerpt 2,,Uncommon,"ביצורה הכלכלי של המדינה ויצירת תנאים נאותים לצמיחה כלכלית ולכינון משק חופשי- תחרותי הנושא את עצמו והמבוסס על יוזמה חפשית, והימנעות הממשלה, ככל הניתן ממעורבות במשק.","Strengthening the state economically and creating conditions for a self-sustaining free and competitive economy based on private initiative, while government refrains as far as possible from intervention.",Likud Constitution,2015-07-01,https://www.likud.org.il/על-הליכוד/חוקת-הליכוד,"Chapter B §1(g); no newer 2026 platform located",critical,verified-document
LIK-M01-Q01,LIK,member-quote,1,Benjamin Netanyahu,בנימין נתניהו,Common,אמרתי לכם ואני חוזר ואומר לכם — לא יהיה כלום כי אין כלום.,"I told you, and I repeat: There will be nothing, because there is nothing.",Benjamin Netanyahu,2017-01-02,https://news.walla.co.il/item/3028022,Recorded Likud faction remarks before questioning over suspected gifts,critical,verified
LIK-M01-Q02,LIK,member-quote,1,Benjamin Netanyahu,בנימין נתניהו,Uncommon,שלטון הימין בסכנה. המצביעים הערבים נעים בכמויות אדירות לקלפי. עמותות השמאל מביאות אותם באוטובוסים.,"Right-wing rule is in danger. Arab voters are moving to the polling station in enormous numbers. Left-wing NGOs are bringing them in buses.",Benjamin Netanyahu,2015-03-17,https://www.youtube.com/watch?v=Q2cUoglR1yk,Election-day Likud mobilization video; later apology/context must ship with quote,critical,verified
LIK-M01-Q03,LIK,member-quote,1,Benjamin Netanyahu,בנימין נתניהו,Rare,"מי שרוצה לסכל הקמה של מדינה פלסטינית צריך לתמוך בחיזוק החמאס ובהעברת כסף לחמאס. זה חלק מהאסטרטגיה שלנו – לבדל בין הפלסטינים בעזה לבין הפלסטינים ביהודה ושומרון.","Anyone who wants to thwart a Palestinian state should support strengthening Hamas and transferring money to Hamas. This is part of our strategy—to separate Palestinians in Gaza from Palestinians in the West Bank.",Benjamin Netanyahu,2019-03-11,https://lahav.substack.com/p/i-reported-on-netanyahu-green-lighting,"* Attributed policy position reported from a Likud faction meeting; participant-supplied paraphrase with no recording or verbatim transcript",critical,adapted-asterisk
LIK-M02-Q01,LIK,member-quote,2,Israel Katz,ישראל כץ,Common,בעניין הנמלים - כן.,When it comes to ports—yes.,Israel Katz,2020-11-12,"https://www.calcalist.co.il/local/articles/0,7340,L-3871373,00.html",Reply to whether he was greater than Herod limited specifically to ports,critical,verified
LIK-M02-Q02,LIK,member-quote,2,Israel Katz,ישראל כץ,Uncommon,"אני הצלחתי, ע״י בניית שני נמלים חדשים בחיפה ואשדוד ושדרוג הקיימים עם שני מפעילים בין לאומיים ענקיים ושלישי בדרך והכנסת תחרות שתהפוך את ישראל למוקד אזורי ובין לאומי של פעילות ימית.","I succeeded by building two new ports and upgrading the existing ones, introducing competition that will turn Israel into a regional and international maritime hub.",Israel Katz,2020-11-12,https://www.ynet.co.il/economy/article/S13Xw005YP,Facebook reply; part of the claim is explicitly future-tense,critical,verified
LIK-M02-Q03,LIK,member-quote,2,Israel Katz,ישראל כץ,Rare,"אני פעמיים לקחתי אותה לתפקידים בחופשת לידה, צריך להבין שיש פה השקפת עולם מבחינתי - אני לא מוכן שבניית משפחה תעכב נשים מלעשות קריירה בכירה.","Twice, I brought her into positions while she was on maternity leave. I am not prepared for building a family to hold women back from senior careers.",Israel Katz,2021-01-21,https://www.ynet.co.il/economy/article/ry300c3Uk00,"Recorded interview; 'her' is former director-general Keren Turner-Eyal",critical,verified
LIK-M03-Q01,LIK,member-quote,3,Amir Ohana,אמיר אוחנה,Common,"לא כל פסיקה צריך לבצע, כמו שלא כל חוק צריך לבצע.","Not every ruling has to be carried out, just as not every law has to be carried out.",Amir Ohana,2019-06-12,https://www.mako.co.il/news-law/legal-q2_2019/Article-65a73c995ac4b61027.htm,Earlier Kan Bet formulation revisited in a recorded N12 interview; later clarification must ship,critical,context-review
LIK-M03-Q02,LIK,member-quote,3,Amir Ohana,אמיר אוחנה,Uncommon,הם היו מעדיפים את הימין שלהם חשוך. יותר נוח להם להיות כוחות האור נגד כוחות החושך.,"They would have preferred their political right dark. It is more convenient for them to be the forces of light against the forces of darkness.",Amir Ohana,2019-06-12,https://www.mako.co.il/news-law/legal-q2_2019/Article-65a73c995ac4b61027.htm,Recorded N12 response to criticism from parts of the LGBT community after Jerusalem Pride,critical,verified
LIK-M03-Q03,LIK,member-quote,3,Amir Ohana,אמיר אוחנה,Rare,הכנסת לא תקבל בהכנעה את רמיסתה.,The Knesset will not submissively accept being trampled.,Amir Ohana,2023-09-06,https://www.mako.co.il/news-politics/2023_q3/Article-eae0670b6fa6a81027.htm,Recorded statement warning the Supreme Court against invalidating Basic Laws,critical,verified
LIK-M04-Q01,LIK,member-quote,4,Yariv Levin,יריב לוין,Common,היועצים המשפטיים כשמם כן הם – יועצים ולא מחליטים. כשהם מייצגים את הממשלה הם צריכים לייצג את הממשלה ולא את עמדתם הפרטית.,"Legal advisers are advisers, not decision-makers. When representing the government, they must represent the government rather than their personal position.",Yariv Levin,2023-01-04,https://mida.org.il/2023/01/04/הצהרת-לוין-הרפורמה-המתוכננת-במערכת/,Recorded launch of the judicial-governance program,critical,verified
LIK-M04-Q02,LIK,member-quote,4,Yariv Levin,יריב לוין,Uncommon,אתם בכל הכבוד לא עומדים מעל מי שהציבור בחר. אף אחד לא שמכם לקבוע מה האינטרס הציבורי.,"With all due respect, you do not stand above those the public elected. No one appointed you to determine the public interest.",Yariv Levin,2023-01-16,https://m.knesset.gov.il/EN/News/PressReleases/Pages/press16123r.aspx,Knesset Constitution Committee exchange with Deputy Attorney General Gil Limon,critical,verified
LIK-M04-Q03,LIK,member-quote,4,Yariv Levin,יריב לוין,Rare,"דבר לא ירתיע אותי מלבצע רפורמה עמוקה ונדרשת במערכת המשפט, בלי עיכובים ובלי מסמוסים.","Nothing will deter me from carrying out a deep and necessary reform of the judicial system, without delays and without watering it down.",Yariv Levin,2023-02-21,https://main.knesset.gov.il/News/PressReleases/pages/press21.02.23.aspx,After first-reading approval of judicial-selection and Basic-Law legislation,critical,verified
DEM-S-01,DEM,symbol,,Democrats ballot symbol,סמל הדמוקרטים,Common,אמת,,The Democrats submitted list,2026-09-07,https://www.kipa.co.il/חדשות/1231317-0/,"Submitted/requested letters; final CEC approval scheduled for 2026-09-27",orientation,submitted-pending-cec
DEM-P-01,DEM,manifesto,,Manifest excerpt 1,,Common,נקים ועדת חקירה ממלכתית לאירועי 7 באוקטובר וניישם את מסקנותיה במלואן.,We will establish a state commission of inquiry into the events of October 7 and implement its conclusions in full.,The Democrats policy plan,2026-08,https://democrats.org.il/wp-content/uploads/2026/08/plan-8-26-he.pdf,Security-policy module step 5 page 2,favorable,verified-document
DEM-P-02,DEM,manifesto,,Manifest excerpt 2,,Uncommon,"נגביל את כהונת ראש הממשלה לשמונה שנים, נקבע מנגנונים ברורים לנבצרות, ונעגן בחוק איסור כהונה תחת כתב אישום לשרים ולראש הממשלה.","We will limit the prime minister's tenure to eight years, establish clear incapacity procedures, and prohibit ministers and the prime minister from serving while under indictment.",The Democrats policy plan,2026-08,https://democrats.org.il/wp-content/uploads/2026/08/plan-8-26-he.pdf,Democracy and Law module step 5 page 4,favorable,verified-document
DEM-M01-Q01,DEM,member-quote,1,Yair Golan,יאיר גולן,Common,research-needed,research-needed,Yair Golan,research-needed,research-needed,research-needed,research-needed,research-needed
DEM-M01-Q02,DEM,member-quote,1,Yair Golan,יאיר גולן,Uncommon,research-needed,research-needed,Yair Golan,research-needed,research-needed,research-needed,research-needed,research-needed
DEM-M01-Q03,DEM,member-quote,1,Yair Golan,יאיר גולן,Rare,research-needed,research-needed,Yair Golan,research-needed,research-needed,research-needed,research-needed,research-needed
DEM-M02-Q01,DEM,member-quote,2,Naama Lazimi,נעמה לזימי,Common,research-needed,research-needed,Naama Lazimi,research-needed,research-needed,research-needed,research-needed,research-needed
DEM-M02-Q02,DEM,member-quote,2,Naama Lazimi,נעמה לזימי,Uncommon,research-needed,research-needed,Naama Lazimi,research-needed,research-needed,research-needed,research-needed,research-needed
DEM-M02-Q03,DEM,member-quote,2,Naama Lazimi,נעמה לזימי,Rare,research-needed,research-needed,Naama Lazimi,research-needed,research-needed,research-needed,research-needed,research-needed
DEM-M03-Q01,DEM,member-quote,3,Gilad Kariv,גלעד קריב,Common,research-needed,research-needed,Gilad Kariv,research-needed,research-needed,research-needed,research-needed,research-needed
DEM-M03-Q02,DEM,member-quote,3,Gilad Kariv,גלעד קריב,Uncommon,research-needed,research-needed,Gilad Kariv,research-needed,research-needed,research-needed,research-needed,research-needed
DEM-M03-Q03,DEM,member-quote,3,Gilad Kariv,גלעד קריב,Rare,research-needed,research-needed,Gilad Kariv,research-needed,research-needed,research-needed,research-needed,research-needed
DEM-M04-Q01,DEM,member-quote,4,Efrat Rayten,אפרת רייטן,Common,research-needed,research-needed,Efrat Rayten,research-needed,research-needed,research-needed,research-needed,research-needed
DEM-M04-Q02,DEM,member-quote,4,Efrat Rayten,אפרת רייטן,Uncommon,research-needed,research-needed,Efrat Rayten,research-needed,research-needed,research-needed,research-needed,research-needed
DEM-M04-Q03,DEM,member-quote,4,Efrat Rayten,אפרת רייטן,Rare,research-needed,research-needed,Efrat Rayten,research-needed,research-needed,research-needed,research-needed,research-needed
RAM-S-01,RAM,symbol,,Raam ballot symbol,סמל רע״ם,Common,עם,,Central Elections Committee,research-needed,research-needed,research-needed,orientation,research-needed
RAM-P-01,RAM,party-policy-statement,,Policy excerpt 1,,Common,موقف القائمة من مسألة الحكم واضح، ويتمثل في استبدال هذه الحكومة الفاشية العنصرية بحكومة تغيير نكون شركاء فيها,The list's position on government is clear: replacing this racist fascist government with a government of change in which we are partners.,Mansour Abbas at Raam general conference,2026-08-22,https://panet.com/index.php/story/4294302,Exact attributable conference statement; no current official manifesto located,analytical,provisional-source
RAM-P-02,RAM,party-policy-statement,,Policy excerpt 2,,Uncommon,وعلى رأسها قضايا العنف والإجرام، والمسكن، والفقر والبطالة والتشغيل، والاعتراف بقرانا في النقب وغيرها,"Foremost among them are violence and crime, housing, poverty, unemployment and employment, and recognition of our villages in the Negev.",Raam official list statement,2021-02-11,https://www.kul-alarab.com/Article/983129,Exact statement relayed verbatim by Arabic-language media; no current official manifesto located,analytical,provisional-source
RAM-M01-Q01,RAM,member-quote,1,Mansour Abbas,מנסור עבאס,Common,research-needed,research-needed,Mansour Abbas,research-needed,research-needed,research-needed,research-needed,research-needed
RAM-M01-Q02,RAM,member-quote,1,Mansour Abbas,מנסור עבאס,Uncommon,research-needed,research-needed,Mansour Abbas,research-needed,research-needed,research-needed,research-needed,research-needed
RAM-M01-Q03,RAM,member-quote,1,Mansour Abbas,מנסור עבאס,Rare,research-needed,research-needed,Mansour Abbas,research-needed,research-needed,research-needed,research-needed,research-needed
RAM-M02-Q01,RAM,member-quote,2,Yoav Segalovitz,יואב סגלוביץ,Common,research-needed,research-needed,Yoav Segalovitz,research-needed,research-needed,research-needed,research-needed,research-needed
RAM-M02-Q02,RAM,member-quote,2,Yoav Segalovitz,יואב סגלוביץ,Uncommon,research-needed,research-needed,Yoav Segalovitz,research-needed,research-needed,research-needed,research-needed,research-needed
RAM-M02-Q03,RAM,member-quote,2,Yoav Segalovitz,יואב סגלוביץ,Rare,research-needed,research-needed,Yoav Segalovitz,research-needed,research-needed,research-needed,research-needed,research-needed
RAM-M03-Q01,RAM,member-quote,3,Walid Taha,וליד טאהא,Common,research-needed,research-needed,Walid Taha,research-needed,research-needed,research-needed,research-needed,research-needed
RAM-M03-Q02,RAM,member-quote,3,Walid Taha,וליד טאהא,Uncommon,research-needed,research-needed,Walid Taha,research-needed,research-needed,research-needed,research-needed,research-needed
RAM-M03-Q03,RAM,member-quote,3,Walid Taha,וליד טאהא,Rare,research-needed,research-needed,Walid Taha,research-needed,research-needed,research-needed,research-needed,research-needed
RAM-M04-Q01,RAM,member-quote,4,Walid al-Hawashla,וליד אלהואשלה,Common,research-needed,research-needed,Walid al-Hawashla,research-needed,research-needed,research-needed,research-needed,research-needed
RAM-M04-Q02,RAM,member-quote,4,Walid al-Hawashla,וליד אלהואשלה,Uncommon,research-needed,research-needed,Walid al-Hawashla,research-needed,research-needed,research-needed,research-needed,research-needed
RAM-M04-Q03,RAM,member-quote,4,Walid al-Hawashla,וליד אלהואשלה,Rare,research-needed,research-needed,Walid al-Hawashla,research-needed,research-needed,research-needed,research-needed,research-needed
